{"cameraMode":{"drawMode":0,"name":"Shaded","section":"Shading Mode"},"sceneLighting":false,"audioPlay":false,"sceneViewState":{"showFog":true,"showMaterialUpdate":false,"showSkybox":false,"showFlares":true,"showImageEffects":true,"showParticleSystems":true,"showVisualEffectGraphs":true,"m_FxEnabled":true},"in2DMode":false,"pivot":{"x":0.04269242286682129,"y":1.1495038270950318,"z":-0.05498504638671875},"rotation":{"x":0.14845024049282075,"y":-0.5298041105270386,"z":0.09531700611114502,"w":0.8298988342285156},"size":11.058609962463379,"orthographic":true}