{"cameraMode":{"drawMode":0,"name":"Shaded","section":"Shading Mode"},"sceneLighting":true,"audioPlay":false,"sceneViewState":{"showFog":true,"showMaterialUpdate":false,"showSkybox":true,"showFlares":true,"showImageEffects":true,"showParticleSystems":true,"showVisualEffectGraphs":true,"m_FxEnabled":true},"in2DMode":false,"pivot":{"x":27.594341278076173,"y":9.042400360107422,"z":-4.320847511291504},"rotation":{"x":0.0065002175979316238,"y":-0.7332741022109985,"z":-0.6806426048278809,"w":-0.003842313075438142},"size":14.847192764282227,"orthographic":true}