{"cameraMode":{"drawMode":0,"name":"Shaded","section":"Shading Mode"},"sceneLighting":false,"audioPlay":false,"sceneViewState":{"showFog":true,"showMaterialUpdate":false,"showSkybox":false,"showFlares":true,"showImageEffects":true,"showParticleSystems":true,"showVisualEffectGraphs":true,"m_FxEnabled":true},"in2DMode":false,"pivot":{"x":-2.196136951446533,"y":2.9373767375946047,"z":0.24628114700317384},"rotation":{"x":0.01528963167220354,"y":-0.049464717507362369,"z":0.0007744533941149712,"w":0.9986841678619385},"size":9.652229309082032,"orthographic":false}