{"cameraMode":{"drawMode":0,"name":"Shaded","section":"Shading Mode"},"sceneLighting":false,"audioPlay":false,"sceneViewState":{"showFog":true,"showMaterialUpdate":false,"showSkybox":false,"showFlares":true,"showImageEffects":true,"showParticleSystems":true,"showVisualEffectGraphs":true,"m_FxEnabled":true},"in2DMode":false,"pivot":{"x":0.8938999176025391,"y":-0.43397951126098635,"z":-2.948699474334717},"rotation":{"x":-0.013869831338524819,"y":-0.8541610836982727,"z":0.5193635821342468,"w":-0.022804275155067445},"size":11.280439376831055,"orthographic":false}