{"cameraMode":{"drawMode":0,"name":"Shaded","section":"Shading Mode"},"sceneLighting":false,"audioPlay":false,"sceneViewState":{"showFog":true,"showMaterialUpdate":false,"showSkybox":false,"showFlares":true,"showImageEffects":true,"showParticleSystems":true,"showVisualEffectGraphs":true,"m_FxEnabled":true},"in2DMode":false,"pivot":{"x":10.144108772277832,"y":-7.685342788696289,"z":38.66754150390625},"rotation":{"x":0.26980656385421755,"y":0.028897663578391076,"z":-0.008082437328994275,"w":0.9624782204627991},"size":21.34031867980957,"orthographic":false}