{"cameraMode":{"drawMode":0,"name":"Shaded","section":"Shading Mode"},"sceneLighting":true,"audioPlay":false,"sceneViewState":{"showFog":true,"showMaterialUpdate":false,"showSkybox":false,"showFlares":true,"showImageEffects":true,"showParticleSystems":true,"showVisualEffectGraphs":true,"m_FxEnabled":true},"in2DMode":false,"pivot":{"x":0.23511886596679688,"y":1.4500951766967774,"z":1.0225763320922852},"rotation":{"x":-0.12506471574306489,"y":0.7781716585159302,"z":-0.16313046216964723,"w":-0.5937216877937317},"size":1.0041738748550416,"orthographic":true}