{"cameraMode":{"drawMode":0,"name":"Shaded","section":"Shading Mode"},"sceneLighting":false,"audioPlay":false,"sceneViewState":{"showFog":true,"showMaterialUpdate":false,"showSkybox":false,"showFlares":true,"showImageEffects":true,"showParticleSystems":true,"showVisualEffectGraphs":true,"m_FxEnabled":true},"in2DMode":false,"pivot":{"x":461.3831481933594,"y":260.0775146484375,"z":-0.7569594383239746},"rotation":{"x":0.058184292167425159,"y":0.9217188358306885,"z":-0.15235036611557008,"w":0.35199597477912905},"size":1.4853204488754273,"orthographic":true}